<?xml version="1.0" encoding="UTF-8"?>
<beans 
	xmlns="http://www.springframework.org/schema/beans"
    xmlns:xsi="http://www.w3.org/2001/XMLSchema-instance" 
    xmlns:p="http://www.springframework.org/schema/p"
     xsi:schemaLocation="http://www.springframework.org/schema/beans  
        http://www.springframework.org/schema/beans/spring-beans-3.0.xsd">  
           
    <bean id="dataSource" class="org.apache.commons.dbcp.BasicDataSource"> 
        <property name="driverClassName" value="org.h2.Driver"></property>
        <property name="url" value="jdbc:h2:tcp://localhost/~/test"></property>
        <property name="username" value="sa"></property>
        <property name="password" value=""></property> 
        
    </bean>
   
    
    <bean id="sessionFactory" class="org.springframework.orm.hibernate3.LocalSessionFactoryBean">
    <property name="dataSource" ref="dataSource"/>
    <property name="mappingResources">
    <list>
    <value>employee.hbm.xml</value>
    </list>
    </property>
     <property name="hibernateProperties">  
            <props>  
                <prop key="hibernate.dialect">org.hibernate.dialect.H2Dialect</prop>  
                <prop key="hibernate.hbm2ddl.auto">create</prop>  
                <prop key="hibernate.show_sql">true</prop>  
                  
            </props>  
        </property>  
     
    </bean>
     
     <bean id="hibernateTemplate" class="org.springframework.orm.hibernate3.HibernateTemplate">  
    <property name="sessionFactory" ref="sessionFactory"></property>  
    </bean>  
	
	 <bean id="empDao" class="com.example.EmployeeDAO" >
	</bean>
	</beans>
    
    
    